<?xml version="1.0" encoding="utf-8" ?><dwsync><file name="fastclick.min.js" server="onclickprod.com" local="3504706043" remote="12111806492" /><file name="jquery-animate-css-rotate-scale.js" server="onclickprod.com" local="3499326061" remote="12111806492" /><file name="jquery.animate-colors-min.js" server="onclickprod.com" local="3505915861" remote="12111806492" /><file name="jquery.animate-shadow-min.js" server="onclickprod.com" local="3517301720" remote="12111806492" /><file name="jquery.localScroll.min.js" server="onclickprod.com" local="3499326121" remote="12111806492" /><file name="jquery.scrollTo.min.js" server="onclickprod.com" local="3499326134" remote="12111806492" /><file name="Gruntfile.js" server="onclickprod.com" local="3520506198" remote="16406798208" /><file name="jquery.flip.min.js" server="onclickprod.com" local="3521896701" remote="16406799108" /></dwsync>