<?xml version="1.0" encoding="utf-8" ?><dwsync><file name="fleche.svg" server="onclickprod.com" local="3521962567" remote="16406864568" /><file name="small-logo-01.png" server="onclickprod.com" local="3522151601" remote="16407053568" /><file name="logo-burstfly.svg" server="onclickprod.com" local="3523960898" remote="16410970008" /><file name="icon-premium.svg" server="onclickprod.com" local="3524130793" remote="16409032668" /><file name="icon-themes.svg" server="onclickprod.com" local="3526123247" remote="16411025148" /><file name="icon-psd.svg" server="onclickprod.com" local="3524119599" remote="16409021448" /><file name="icon-ai.svg" server="onclickprod.com" local="3526124739" remote="16411026588" /><file name="icon-font.svg" server="onclickprod.com" local="3524130105" remote="16409031948" /><file name="icon-photo.svg" server="onclickprod.com" local="3524131155" remote="16409033028" /><file name="ai-2.jpg" server="onclickprod.com" local="3524162758" remote="16410661668" /><file name="ai-1.jpg" server="onclickprod.com" local="3524162738" remote="16410661668" /><file name="font-2.jpg" server="onclickprod.com" local="3524162692" remote="16410661668" /><file name="font-1.jpg" server="onclickprod.com" local="3524162675" remote="16410661668" /><file name="theme-2.jpg" server="onclickprod.com" local="3524162485" remote="16410661668" /><file name="psd-3.jpg" server="onclickprod.com" local="3524162473" remote="16410661668" /><file name="theme-1.jpg" server="onclickprod.com" local="3524162444" remote="16410661668" /><file name="icons-2.jpg" server="onclickprod.com" local="3524162430" remote="16410661668" /><file name="psd-2.jpg" server="onclickprod.com" local="3524162411" remote="16410661668" /><file name="psd-1.jpg" server="onclickprod.com" local="3524162358" remote="16410661668" /><file name="icons-1.jpg" server="onclickprod.com" local="3524162340" remote="16410661668" /><file name="icon-newsletter-01.png" server="onclickprod.com" local="3524231420" remote="16409133288" /><file name="icon-search-01.png" server="onclickprod.com" local="3524231224" remote="16409133288" /><file name="stripes.svg" server="onclickprod.com" local="3526242873" remote="16411144788" /><file name="arrowy.svg" server="onclickprod.com" local="3525031765" remote="16409933628" /><file name="loupe.svg" server="onclickprod.com" local="3525162690" remote="16410064548" /><file name="small-logo.svg" server="onclickprod.com" local="3525108628" remote="16410018708" /><file name="cross-menu.svg" server="onclickprod.com" local="3525108602" remote="16410020448" /><file name="font-3.jpg" server="onclickprod.com" local="3525186423" remote="16410661668" /><file name="psd-4.jpg" server="onclickprod.com" local="3525759969" remote="16410661848" /><file name="mockup-3.jpg" server="onclickprod.com" local="3525786662" remote="16410688548" /><file name="mockup-2.jpg" server="onclickprod.com" local="3525786590" remote="16410688548" /><file name="mockup-1.jpg" server="onclickprod.com" local="3525785364" remote="16410688548" /><file name="avatar.jpg" server="onclickprod.com" local="3525788017" remote="16410690348" /><file name="fleche-nav.svg" server="onclickprod.com" local="3526037248" remote="16410939288" /><file name="logo-burst.svg" server="onclickprod.com" local="3526065095" remote="16410971688" /><file name="ui-1.jpg" server="onclickprod.com" local="3526103367" remote="16411005768" /><file name="font-5.jpg" server="onclickprod.com" local="3526103427" remote="16411005768" /><file name="psd-5.jpg" server="onclickprod.com" local="3526103493" remote="16411005768" /><file name="icons-3.jpg" server="onclickprod.com" local="3526103518" remote="16411005768" /><file name="font-4.jpg" server="onclickprod.com" local="3526103544" remote="16411005768" /><file name="theme-3.jpg" server="onclickprod.com" local="3526103555" remote="16411005768" /><file name="font-6.jpg" server="onclickprod.com" local="3526103585" remote="16411005768" /><file name="theme-4.jpg" server="onclickprod.com" local="3526103852" remote="16411005768" /><file name="icon-newsletter.svg" server="onclickprod.com" local="3526108778" remote="16411010688" /><file name="icon-search.svg" server="onclickprod.com" local="3526108798" remote="16411010688" /><file name="prev.svg" server="onclickprod.com" local="3526131526" remote="16411033428" /><file name="next.svg" server="onclickprod.com" local="3526131502" remote="16411033428" /><file name="icon-eye.svg" server="onclickprod.com" local="3526534348" remote="16411436208" /><file name="icon-psdfile.svg" server="onclickprod.com" local="3526537013" remote="16411438908" /><file name="icon-weight.svg" server="onclickprod.com" local="3526534662" remote="16411436508" /><file name="icon-desc.svg" server="onclickprod.com" local="3526533927" remote="16411435848" /><file name="icon-download.svg" server="onclickprod.com" local="3526538176" remote="16411440048" /><file name="psd-6.jpg" server="onclickprod.com" local="3526540002" remote="16411441908" /><file name="avatar.png" server="onclickprod.com" local="3526546916" remote="16411448808" /><file name="avatar-2.png" server="onclickprod.com" local="3526553723" remote="16411455768" /><file name="title-icon-ps.svg" server="onclickprod.com" local="3526559875" remote="16411462248" /></dwsync>