<?xml version="1.0" encoding="utf-8" ?><dwsync><file name="socialico_plus-webfont.woff2" server="onclickprod.com" local="3499325957" remote="16406791068" /><file name="socialico-webfont.woff2" server="onclickprod.com" local="3499325956" remote="16406791068" /><file name="socialico_plus-webfont.woff" server="onclickprod.com" local="3499325956" remote="16406791068" /><file name="socialico-webfont.woff" server="onclickprod.com" local="3499325956" remote="16406791068" /><file name="socialico_plus-webfont.ttf" server="onclickprod.com" local="3499325956" remote="16406791068" /><file name="socialico-webfont.ttf" server="onclickprod.com" local="3499325956" remote="16406791068" /><file name="socialico_plus-webfont.svg" server="onclickprod.com" local="3499325956" remote="16406791068" /><file name="socialico-webfont.svg" server="onclickprod.com" local="3499325955" remote="16406791068" /><file name="socialico_plus-webfont.eot" server="onclickprod.com" local="3499325956" remote="16406791068" /><file name="socialico-webfont.eot" server="onclickprod.com" local="3499325955" remote="16406791068" /></dwsync>